-- 그룹코드 기초 자료
INSERT INTO CODE_GROUP ("코드그룹", "코드그룹명", "설명") VALUES('성별코드', '성별코드', '성별을 표시');
INSERT INTO CODE_GROUP ("코드그룹", "코드그룹명", "설명") VALUES('방문상태코드', '방문상태코드', '환자방문의 상태(방문중, 종료, 취소)');
INSERT INTO CODE_GROUP ("코드그룹", "코드그룹명", "설명") VALUES('진료과목코드', '진료과목코드', '진료과목(내과, 안과 등)');
INSERT INTO CODE_GROUP ("코드그룹", "코드그룹명", "설명") VALUES('진료유형코드', '진료유형코드', '진료의 유형(약처방, 검사 등)');

-- 코드 기초 자료
INSERT INTO CODE ("코드그룹", "코드", "코드명") VALUES('성별코드', 'M', '남');
INSERT INTO CODE ("코드그룹", "코드", "코드명") VALUES('성별코드', 'F', '여');
INSERT INTO CODE ("코드그룹", "코드", "코드명") VALUES('방문상태코드', '1', '방문중');
INSERT INTO CODE ("코드그룹", "코드", "코드명") VALUES('방문상태코드', '2', '종료');
INSERT INTO CODE ("코드그룹", "코드", "코드명") VALUES('방문상태코드', '3', '취소');
INSERT INTO CODE ("코드그룹", "코드", "코드명") VALUES('진료과목코드', '01', '내과');
INSERT INTO CODE ("코드그룹", "코드", "코드명") VALUES('진료과목코드', '02', '안과');
INSERT INTO CODE ("코드그룹", "코드", "코드명") VALUES('진료유형코드', 'D', '약처방');
INSERT INTO CODE ("코드그룹", "코드", "코드명") VALUES('진료유형코드', 'T', '검사');

-- 병원 가상 데이터
INSERT INTO Hospital ("병원명", "요양기관번호", "병원장명") VALUES ('아무개 병원', '31123456', '아무개');
INSERT INTO Hospital ("병원명", "요양기관번호", "병원장명") VALUES ('아무개 병원2', '31111111', '아무개2');
INSERT INTO Hospital ("병원명", "요양기관번호", "병원장명") VALUES ('아무개 병원3', '31222222', '아무개3');
INSERT INTO Hospital ("병원명", "요양기관번호", "병원장명") VALUES ('아무개 병원4', '31333333', '아무개4');


-- 환자 가상 데이터
INSERT INTO Patient ("병원ID", "환자명", "환자등록번호", "성별코드", "생년월일", "휴대전화번호", "이메일")
            VALUES (1, '김민형', '123456789', 'M', '19800726', '010-0000-0000', 'aaa@aaa.net');

INSERT INTO Patient ("병원ID", "환자명", "환자등록번호", "성별코드", "생년월일", "휴대전화번호", "이메일")
            VALUES (2, '신입생', '123454321', 'M', '20030101', '010-1234-1234', 'bbb@aaa.net');

INSERT INTO Patient ("병원ID", "환자명", "환자등록번호", "성별코드", "생년월일", "휴대전화번호", "이메일")
            VALUES (3, '복학생', '123451234', 'F', '19901112', '010-1111-2222', 'ccc@aaa.net');


-- 방문 가상 데이터
INSERT INTO Visit ("병원ID", "환자ID", "접수일시", "방문상태코드", "진료과목코드")
VALUES(1, 1, '2021-05-09 10:00:00', '2', '01');

INSERT INTO Visit ("병원ID", "환자ID", "접수일시", "방문상태코드", "진료과목코드")
VALUES(1, 2, '2021-05-10 11:00:00', '1', '01');

INSERT INTO Visit ("병원ID", "환자ID", "접수일시", "방문상태코드", "진료과목코드")
VALUES(1, 3, '2021-05-10 13:00:00', '2', '02');

INSERT INTO Visit ("병원ID", "환자ID", "접수일시", "방문상태코드", "진료과목코드")
VALUES(2, 2, '2021-05-10 14:00:00', '1', '01');

INSERT INTO Visit ("병원ID", "환자ID", "접수일시", "방문상태코드", "진료과목코드")
VALUES(2, 3, '2021-05-11 09:00:00', '1', '02');

INSERT INTO Visit ("병원ID", "환자ID", "접수일시", "방문상태코드", "진료과목코드")
VALUES(3, 1, '2021-05-12 12:10:00', '1', '01');

INSERT INTO Visit ("병원ID", "환자ID", "접수일시", "방문상태코드", "진료과목코드")
VALUES(4, 3, '2021-05-11 15:30:00', '1', '02');